<?xml version="1.0" encoding="UTF-8"?>
<!-- Search Google For "spring documentation example spring application context" -->
<beans xmlns="http://www.springframework.org/schema/beans"
	xmlns:xsi="http://www.w3.org/2001/XMLSchema-instance" xmlns:context="http://www.springframework.org/schema/context"
	xsi:schemaLocation="http://www.springframework.org/schema/beans
        http://www.springframework.org/schema/beans/spring-beans.xsd
         http://www.springframework.org/schema/context
           http://www.springframework.org/schema/context/spring-context.xsd">
	<context:component-scan base-package="com.in28minutes.spring.basics.springin5steps"></context:component-scan>

	<bean id="someDao" class="com.in28minutes.spring.basics.springin5steps.xml.SomeDAO">
		<!-- collaborators and configuration for this bean go here -->
	</bean>

	<bean id="someBusiness"
		class="com.in28minutes.spring.basics.springin5steps.xml.SomeBusiness">
		<!-- <property name="someDAO" ref="someDAO" /> -->
		<!-- <property name="someDao" ref="someDao" /> -->
		<property name="someDao" ref="someDao" />
	</bean>
	<!-- <bean id="someBusiness2" class="com.in28minutes.spring.basics.springin5steps.xml.SomeBusiness"> 
		<constructor-arg> <ref bean="someDao" /> </constructor-arg> </bean> -->

	<!-- more bean definitions go here -->

</beans>